source,target,peso
Inteligencia Artificial,render-token,0.0
Inteligencia Artificial,fetch-ai,0.0
Inteligencia Artificial,singularitynet,0.0
Videojuegos,immutable-x,0.0
Videojuegos,gala,0.0
Videojuegos,axie-infinity,0.0
RWA,ondo-finance,0.0
Memes,dogecoin,0.0
Memes,shiba-inu,0.0
Memes,pepe,0.0
Otros,bitcoin,0.0
Otros,ethereum,0.0
Otros,tether,0.0
Otros,ripple,0.0
Otros,binancecoin,0.0
Otros,solana,0.0
Otros,usd-coin,0.0
Otros,staked-ether,0.0
Otros,tron,0.0
Otros,cardano,0.0
Otros,wrapped-steth,0.0
Otros,wrapped-beacon-eth,0.0
Otros,chainlink,0.0
Otros,ethena-usde,0.0
Otros,wrapped-bitcoin,0.0
Otros,hyperliquid,0.0
Otros,figure-heloc,0.0
Otros,avalanche-2,0.0
Otros,sui,0.0
Otros,stellar,0.0
Otros,bitcoin-cash,0.0
Otros,wrapped-eeth,0.0
Otros,weth,0.0
Otros,hedera-hashgraph,0.0
Otros,leo-token,0.0
Otros,litecoin,0.0
Otros,binance-bridged-usdt-bnb-smart-chain,0.0
Otros,usds,0.0
Otros,usdt0,0.0
Otros,coinbase-wrapped-btc,0.0
Otros,the-open-network,0.0
Otros,crypto-com-chain,0.0
Otros,ethena-staked-usde,0.0
Otros,mantle,0.0
Otros,polkadot,0.0
Otros,whitebit,0.0
Otros,world-liberty-financial,0.0
Otros,monero,0.0
Otros,uniswap,0.0
Otros,dai,0.0
Otros,aave,0.0
Otros,okb,0.0
Otros,ethena,0.0
Otros,memecore,0.0
Otros,bitget-token,0.0
Otros,near,0.0
Otros,aster-2,0.0
Otros,jito-staked-sol,0.0
Otros,story-2,0.0
Otros,aptos,0.0
Otros,myx-finance,0.0
Otros,bittensor,0.0
Otros,ethereum-classic,0.0
Otros,worldcoin-wld,0.0
Otros,usd1-wlfi,0.0
Otros,binance-staked-sol,0.0
Otros,binance-peg-weth,0.0
Otros,plasma,0.0
Otros,polygon-ecosystem-token,0.0
Otros,paypal-usd,0.0
Otros,internet-computer,0.0
Otros,arbitrum,0.0
Otros,pi-network,0.0
Otros,jupiter-perpetuals-liquidity-provider-token,0.0
Otros,susds,0.0
Otros,blackrock-usd-institutional-digital-liquidity-fund,0.0
Otros,kaspa,0.0
Otros,pump-fun,0.0
Otros,falcon-finance,0.0
Otros,gatechain-token,0.0
Otros,cosmos,0.0
Otros,hash-2,0.0
Otros,kucoin-shares,0.0
Otros,flare-networks,0.0
Otros,vechain,0.0
Otros,kinetic-staked-hype,0.0
Otros,kelp-dao-restaked-eth,0.0
Otros,rocket-pool-eth,0.0
Otros,usdtb,0.0
Otros,algorand,0.0
Otros,pudgy-penguins,0.0
Otros,sei-network,0.0
Otros,bfusd,0.0
Otros,sky,0.0
Otros,stakewise-v3-oseth,0.0
Otros,official-trump,0.0
Otros,filecoin,0.0
Otros,quant-network,0.0
Otros,liquid-staked-ethereum,0.0
Otros,bonk,0.0
Otros,tether-gold,0.0
Otros,jupiter-exchange-solana,0.0
Otros,renzo-restaked-eth,0.0
Otros,xdce-crowd-sale,0.0
Otros,lombard-staked-btc,0.0
Otros,wbnb,0.0
Otros,nexo,0.0
Otros,optimism,0.0
Otros,injective-protocol,0.0
Otros,jupiter-staked-sol,0.0
Otros,syrupusdc,0.0
Otros,celestia,0.0
Otros,pax-gold,0.0
Otros,solv-btc,0.0
Otros,first-digital-usd,0.0
Otros,zcash,0.0
Otros,mantle-staked-ether,0.0
Otros,blockstack,0.0
Otros,binance-bridged-usdc-bnb-smart-chain,0.0
Otros,lido-dao,0.0
Otros,curve-dao-token,0.0
Otros,pancakeswap-token,0.0
Otros,aerodrome-finance,0.0
Otros,msol,0.0
Otros,fasttoken,0.0
Otros,spx6900,0.0
Otros,arbitrum-bridged-wbtc-arbitrum-one,0.0
Otros,sonic-3,0.0
Otros,saros-finance,0.0
Otros,kaia,0.0
Otros,clbtc,0.0
Otros,the-graph,0.0
Otros,pyth-network,0.0
Otros,ether-fi,0.0
Otros,pendle,0.0
Otros,cgeth-hashkey-cloud,0.0
Otros,floki,0.0
Otros,ripple-usd,0.0
Otros,aethir,0.0
Otros,zero-gravity,0.0
Otros,conflux-token,0.0
Otros,global-dollar,0.0
Otros,l2-standard-bridged-weth-base,0.0
Otros,dogwifcoin,0.0
Otros,ousg,0.0
Otros,superstate-short-duration-us-government-securities-fund-ustb,0.0
Otros,raydium,0.0
Otros,tbtc,0.0
Otros,tezos,0.0
Otros,theta-token,0.0
Otros,virtual-protocol,0.0
Otros,usdx-money-usdx,0.0
Otros,iota,0.0
Otros,ondo-us-dollar-yield,0.0
Otros,ethereum-name-service,0.0
Otros,newton-project,0.0
Otros,vaulta,0.0
Otros,the-sandbox,0.0
Otros,gteth,0.0
Otros,stader-ethx,0.0
Otros,arbitrum-bridged-weth-arbitrum-one,0.0
Otros,beldex,0.0
Otros,jito-governance-token,0.0
Otros,fartcoin,0.0
Otros,bittorrent,0.0
Otros,eigenlayer,0.0
Otros,binance-peg-dogecoin,0.0
Otros,jasmycoin,0.0
Otros,morpho,0.0
Otros,mantle-restaked-eth,0.0
Otros,flow,0.0
Otros,walrus-2,0.0
Otros,ether-fi-staked-eth,0.0
Otros,usual-usd,0.0
Otros,decentraland,0.0
Otros,sweth,0.0
Otros,coinbase-wrapped-staked-eth,0.0
Otros,trust-wallet-token,0.0
Otros,dexe,0.0
Otros,arbitrum-bridged-wrapped-eeth,0.0
Otros,benqi-liquid-staked-avax,0.0
Otros,bitcoin-avalanche-bridged-btc-b,0.0
Otros,mantle-bridged-usdt-mantle,0.0
Otros,starknet,0.0
Otros,wormhole,0.0
Otros,sun-token,0.0
Otros,true-usd,0.0
Otros,kinetiq-earn-vault,0.0
Otros,unit-plasma,0.0
Otros,usdd,0.0
Otros,loaded-lions,0.0
Otros,swissborg,0.0
Otros,dydx-chain,0.0
Otros,bitcoin-cash-sv,0.0
Otros,wrapped-avax,0.0
Otros,ethena-staked-ena,0.0
Otros,bybit-staked-sol,0.0
Otros,polygon-pos-bridged-weth-polygon-pos,0.0
Otros,frax-ether,0.0
Otros,polygon-pos-bridged-dai-polygon-pos,0.0
Otros,instadapp,0.0
Otros,usdai,0.0
Otros,helium,0.0
Otros,vision-3,0.0
Otros,steakhouse-usdc-morpho-vault,0.0
Otros,bridged-usdc-polygon-pos-bridge,0.0
Otros,syrup,0.0
Otros,linea,0.0
Otros,four,0.0
Otros,apenft,0.0
Otros,apecoin,0.0
Otros,hashnote-usyc,0.0
Otros,neo,0.0
Otros,based-brett,0.0
Otros,thorchain,0.0
Otros,usdb,0.0
Otros,chiliz,0.0
Otros,coredaoorg,0.0
Otros,compound-governance-token,0.0
Otros,solmev,0.0
Otros,savings-dai,0.0
Otros,beam-2,0.0
Otros,tokenize-xchange,0.0
Otros,elrond-erd-2,0.0
Otros,telcoin,0.0
Otros,chain-2,0.0
Otros,reserve-protocol-eth-plus,0.0
Otros,gnosis,0.0
Otros,avantis,0.0
Otros,havven,0.0
Otros,arweave,0.0
Otros,berachain-bera,0.0
Otros,wrapped-hype,0.0
Otros,unit-bitcoin,0.0
Otros,treehouse-eth,0.0
Otros,zksync,0.0
Otros,astherus-staked-bnb,0.0
Otros,drift-staked-sol,0.0
Otros,olympus,0.0
Otros,eutbl,0.0
Otros,astherus-usdf,0.0
Otros,gho,0.0
Otros,ecash,0.0
Otros,kava,0.0
Otros,reserve-rights-token,0.0
Otros,wrapped-ether-mantle-bridge,0.0
Otros,1inch,0.0
Otros,aioz-network,0.0
Otros,solv-protocol-solvbtc-bbn,0.0
Otros,ronin,0.0
Otros,wemix-token,0.0
Otros,ai-companions,0.0
Otros,superfarm,0.0
Otros,staked-frax-ether,0.0
Otros,zebec-network,0.0
Otros,just,0.0
Otros,satoshi-stablecoin,0.0
Otros,binance-peg-busd,0.0
Otros,merlin-chain,0.0
Otros,apex-token-2,0.0
Otros,kaito,0.0
Otros,drift-protocol,0.0
Otros,toshi,0.0
Otros,axelar,0.0
Otros,deep,0.0
Otros,movement,0.0
Otros,terra-luna,0.0
Otros,plume,0.0
Otros,frax,0.0
Otros,venom,0.0
Otros,keeta,0.0
Otros,polygon-bridged-wbtc-polygon-pos,0.0
Otros,mocaverse,0.0
Otros,snek,0.0
Otros,akash-network,0.0
Otros,grass,0.0
Otros,decred,0.0
Otros,livepeer,0.0
Otros,btse-token,0.0
Otros,dash,0.0
Otros,eos,0.0
Otros,build-on,0.0
Otros,mog-coin,0.0
Otros,creditcoin-2,0.0
Otros,amp-token,0.0
Otros,convex-finance,0.0
Otros,tribe-2,0.0
Otros,ribbita-by-virtuals,0.0
Otros,arkham,0.0
Otros,compound-wrapped-btc,0.0
Otros,euro-coin,0.0
Otros,bio-protocol,0.0
Otros,usdx-money-staked-usdx,0.0
Otros,layerzero,0.0
Otros,safepal,0.0
Otros,blockchain-capital,0.0
Otros,ultima,0.0
Otros,kusama,0.0
Otros,mx-token,0.0
Otros,syndicate-3,0.0
Otros,rekt-4,0.0
Otros,velo,0.0
Otros,stbl,0.0
Otros,turbo,0.0
Otros,infrared-bera,0.0
Otros,stp-network,0.0
Otros,cat-in-a-dogs-world,0.0
Otros,openeden-open-dollar,0.0
Otros,safe,0.0
Otros,resolv-usr,0.0
Otros,binance-peg-sol,0.0
Otros,qtum,0.0
Otros,cheems-token,0.0
Otros,concordium,0.0
Otros,dora-2,0.0
Otros,iotex,0.0
Otros,slash-vision-labs,0.0
Otros,compounding-open-dollar,0.0
Otros,origin-ether,0.0
Otros,golem,0.0
Otros,ark-3,0.0
Otros,theta-fuel,0.0
Otros,zora,0.0
Otros,popcat,0.0
Otros,lombard-protocol,0.0
Otros,basic-attention-token,0.0
Otros,reallink,0.0
Otros,baby-doge-coin,0.0
Otros,centrifuge-2,0.0
Otros,universal-btc,0.0
Otros,zilliqa,0.0
Otros,peanut-the-squirrel,0.0
Otros,fidelity-digital-interest-token,0.0
Otros,0x,0.0
Otros,nervos-network,0.0
Otros,super-oeth,0.0
Otros,nxm,0.0
Otros,agentfun-ai,0.0
Otros,mina-protocol,0.0
Otros,metal-blockchain,0.0
Otros,mimbogamegroup,0.0
Otros,kamino,0.0
Otros,midas-mhyper,0.0
Otros,usda-2,0.0
Otros,sosovalue,0.0
Otros,mira-3,0.0
Otros,legacy-token,0.0
Otros,gas,0.0
Otros,dog-go-to-the-moon-rune,0.0
Otros,qubic-network,0.0
Otros,stargate-finance,0.0
Otros,frax-share,0.0
Otros,zano,0.0
Otros,ape-and-pepe,0.0
Otros,tradable-na-rent-financing-platform-sstn,0.0
Otros,blur,0.0
Otros,oasis-network,0.0
Otros,gmt-token,0.0
Otros,ether-fi-staked-btc,0.0
Otros,reservoir-srusd,0.0
Otros,astar,0.0
Otros,prometeus,0.0
Otros,yearn-finance,0.0
Otros,vvs-finance,0.0
Otros,unit-pump,0.0
Otros,mantra-dao,0.0
Otros,ravencoin,0.0
Otros,kinesis-silver,0.0
Otros,cronos-bridged-usdc-cronos,0.0
Otros,yieldfi-ytoken,0.0
Otros,kinesis-gold,0.0
Otros,ignition-fbtc,0.0
Otros,world-mobile-token,0.0
Otros,sahara-ai,0.0
Otros,wrapped-aave-ethereum-weth,0.0
Otros,euler,0.0
Otros,cow-protocol,0.0
Otros,restaking-vault-eth,0.0
Otros,zetachain,0.0
Otros,ordinals,0.0
Otros,gmx,0.0
Otros,resolv-wstusr,0.0
Otros,mag7-ssi,0.0
Otros,conscious-token,0.0
Otros,origintrail,0.0
Otros,minidoge-5,0.0
Otros,bnb48-club-token,0.0
Otros,usx,0.0
Otros,resolv-rlp,0.0
Otros,avalanche-bridged-weth-avalanche,0.0
Otros,proton,0.0
Otros,crypto-com-staked-eth,0.0
Otros,notcoin,0.0
Otros,metaplex,0.0
Otros,tdccp,0.0
Otros,omni-network,0.0
Otros,skale,0.0
Otros,wrapped-centrifuge,0.0
Otros,threshold-network-token,0.0
Otros,useless-3,0.0
Otros,holotoken,0.0
Otros,vethor-token,0.0
Otros,purr-2,0.0
Otros,troll-2,0.0
Otros,susdai,0.0
Otros,phantom-staked-sol,0.0
Otros,moo-deng,0.0
Otros,coinex-token,0.0
Otros,ethereum-pow-iou,0.0
Otros,celo,0.0
Otros,siacoin,0.0
Otros,stasis-eurs,0.0
Otros,compound-ether,0.0
Otros,polymesh,0.0
Otros,humanity,0.0
Otros,standx-dusd,0.0
Otros,spiko-us-t-bills-money-market-fund,0.0
Otros,aelf,0.0
Otros,infinifi-usd,0.0
Otros,agora-dollar,0.0
Otros,succinct,0.0
Otros,cap-usd,0.0
Otros,non-playable-coin,0.0
Otros,ankr,0.0
Otros,sui-bridged-wbtc-sui,0.0
Otros,harmony,0.0
Otros,peaq-2,0.0
Otros,bitkub-coin,0.0
Otros,uchain-2,0.0
Otros,digibyte,0.0
Otros,rollbit-coin,0.0
Otros,memecoin-2,0.0
Otros,lcx,0.0
Otros,numeraire,0.0
Otros,avant-usd,0.0
Otros,woo-network,0.0
Otros,melania-meme,0.0
Otros,redstone-oracles,0.0
Otros,xyo-network,0.0
Otros,sushi,0.0
Otros,apollo-diversified-credit-securitize-fund,0.0
Otros,babylon,0.0
Otros,hashkey-ecopoints,0.0
Otros,yu,0.0
Otros,gems-vip,0.0
Otros,vana,0.0
Otros,chia,0.0
Otros,undeads-games,0.0
Otros,zignaly,0.0
Otros,renzo-restaked-lst,0.0
Otros,altlayer,0.0
Otros,crvusd,0.0
Otros,mask-network,0.0
Otros,casper-network,0.0
Otros,icon,0.0
Otros,avant-staked-usd,0.0
Otros,marsmi,0.0
Otros,gusd,0.0
Otros,theo-short-duration-us-treasury-fund,0.0
Otros,quantum-resistant-ledger,0.0
Otros,moonwell-flagship-eth-morpho-vault,0.0
Otros,verus-coin,0.0
Otros,illuvium,0.0
Otros,zencash,0.0
Otros,aleo,0.0
Otros,ozone-chain,0.0
Otros,stepn,0.0
Otros,lorenzo-stbtc,0.0
Otros,wrapped-xpl,0.0
Otros,somnia,0.0
Otros,orca,0.0
Otros,kelp-gain,0.0
Otros,boundless,0.0
Otros,shuffle-2,0.0
Otros,openledger-2,0.0
Otros,enjincoin,0.0
Otros,anzen-usdz,0.0
Otros,gigachad-2,0.0
Otros,wrapped-aave-ethereum-usdt,0.0
Otros,stargate-bridged-usdc,0.0
Otros,kadena,0.0
Otros,helder,0.0
Otros,elixir-deusd,0.0
Otros,orderly-network,0.0
Otros,solo-coin,0.0
Otros,neiro-3,0.0
Otros,midas-mf-one,0.0
Otros,book-of-meme,0.0
Otros,io,0.0
Otros,r0ar-token,0.0
Otros,bitmart-token,0.0
Otros,payfi-strategy-token-usdc,0.0
Otros,harrypotterobamasonic10in,0.0
Otros,savings-xdai,0.0
Otros,sbtc-2,0.0
Otros,f-x-protocol-fxusd,0.0
Otros,ontology,0.0
Otros,fulcrom,0.0
Otros,vicicoin,0.0
Otros,nano,0.0
Otros,uma,0.0
Otros,magic-eden,0.0
Otros,amnis-aptos,0.0
Otros,aevo-exchange,0.0
Otros,sky-coin,0.0
Otros,degen-base,0.0
Otros,dola-usd,0.0
Otros,band-protocol,0.0
Otros,loopring,0.0
Otros,coti,0.0
Otros,clearpool,0.0
Otros,gohome,0.0
Otros,rocket-pool,0.0
Otros,osaka-protocol,0.0
Otros,hemi,0.0
Otros,portal-to-bitcoin,0.0
Otros,entangle,0.0
Otros,swipe,0.0
Otros,real-4,0.0
Otros,okzoo,0.0
Otros,onyc,0.0
Otros,ronin-bridged-weth-ronin,0.0
Otros,subsquid,0.0
Otros,osmosis,0.0
Otros,api3,0.0
Otros,tradable-singapore-fintech-ssl-2,0.0
Otros,venus,0.0
Otros,bridged-usd-coin-starkgate,0.0
Otros,vaultbridge-bridged-eth-katana,0.0
Otros,pay-coin,0.0
Otros,verasity,0.0
Otros,funfair,0.0
Otros,staked-hype,0.0
Otros,qusdt,0.0
Otros,mashida,0.0
Otros,fx-usd-saving,0.0
Otros,wiki-cat,0.0
Otros,susda,0.0
Otros,sign-global,0.0
Otros,yield-guild-games,0.0
Otros,swop-2,0.0
Otros,blast,0.0
Otros,waves,0.0
Otros,bridged-wrapped-steth-gnosis,0.0
Otros,ai16z,0.0
Otros,bridged-wrapped-ether-starkgate,0.0
Otros,caldera,0.0
Otros,stronghold-token,0.0
Otros,terra-luna-2,0.0
Otros,debridge,0.0
Otros,wrapped-aave-ethereum-usdc,0.0
Otros,wilder-world,0.0
Otros,novem-pro,0.0
Otros,b3,0.0
Otros,ecomi,0.0
Otros,moonwell-artemis,0.0
Otros,restaked-swell-eth,0.0
Otros,request-network,0.0
Otros,hyperbeat-usdt,0.0
Otros,mbg-by-multibank-group,0.0
Otros,bora,0.0
Otros,big-time,0.0
Otros,aixbt,0.0
Otros,temple,0.0
Otros,holoworld,0.0
Otros,biconomy,0.0
Otros,chex-token,0.0
Otros,alchemy-pay,0.0
Otros,bridged-usd-coin-linea,0.0
Otros,pumpbtc,0.0
Otros,hive,0.0
Otros,solayer,0.0
Otros,openvpp,0.0
Otros,l2-standard-bridged-weth-optimism,0.0
Otros,soon-2,0.0
Otros,status,0.0
Otros,ika,0.0
Otros,cronos-bridged-usdt-cronos,0.0
Otros,spark-2,0.0
Otros,onfa,0.0
Otros,metis-token,0.0
Otros,echelon-prime,0.0
Otros,delysium,0.0
Otros,iostoken,0.0
Otros,home,0.0
Otros,tellor,0.0
Otros,orcib,0.0
Otros,constitutiondao,0.0
Otros,freysa-ai,0.0
Otros,coreum,0.0
Otros,dfdv-staked-sol,0.0
Otros,verge,0.0
Otros,swftcoin,0.0
Otros,uxlink,0.0
Otros,pundi-x-2,0.0
Otros,resupply-usd,0.0
Otros,apollox-2,0.0
Otros,project-galaxy,0.0
Otros,bouncebit,0.0
Otros,carv,0.0
Otros,constellation-labs,0.0
Otros,bonfida,0.0
Otros,manta-network,0.0
Otros,staked-usd1,0.0
Otros,goatseus-maximus,0.0
Otros,ark,0.0
Otros,edu-coin,0.0
Otros,vaultbridge-bridged-wbtc-katana,0.0
Otros,steakhouse-eth-morpho-vault,0.0
Otros,ardor,0.0
Otros,cross-2,0.0
Otros,sats-ordinals,0.0
Otros,anime,0.0
Otros,stratis,0.0
Otros,usdx,0.0
Otros,reservoir-rusd,0.0
Otros,bitdca,0.0
Otros,wrapped-savings-rusd,0.0
Otros,chutes,0.0
Otros,pha,0.0
Otros,monbasecoin,0.0
Otros,dovu-2,0.0
Otros,skor-ai,0.0
Otros,bim-2,0.0
Otros,punkstrategy,0.0
Otros,gama-token,0.0
Otros,power-ledger,0.0
Otros,iexec-rlc,0.0
Otros,ben-pasternak,0.0
Otros,orbs,0.0
Otros,cyberconnect,0.0
Otros,felix-feusd,0.0
Otros,bertram-the-pomeranian,0.0
Otros,nillion,0.0
Otros,spell-token,0.0
Otros,siren-2,0.0
Otros,venice-token,0.0
Otros,solayer-staked-sol,0.0
Otros,vaneck-treasury-fund,0.0
Otros,quantixai,0.0
Otros,bancor,0.0
Otros,audius,0.0
Otros,the-grays-currency,0.0
Otros,everipedia,0.0
Otros,zelcash,0.0
Otros,g-token,0.0
Otros,puff-the-dragon,0.0
Otros,pythia,0.0
Otros,comedian,0.0
Otros,balancer,0.0
Otros,revox,0.0
Otros,auki-labs,0.0
Otros,atomone,0.0
Otros,mass-vehicle-ledger,0.0
Otros,tutorial,0.0
Otros,marinade,0.0
Otros,usd-coin-ethereum-bridged,0.0
Otros,solv-protocol,0.0
Otros,apertum,0.0
Otros,og-fan-token,0.0
Otros,sui-bridged-usdt-sui,0.0
Otros,chromaway,0.0
Otros,hivemapper,0.0
Otros,liquity,0.0
Otros,mnee-usd-stablecoin,0.0
Otros,camp-network,0.0
Otros,aura-on-sol,0.0
Otros,songbird,0.0
Otros,lista,0.0
Otros,coca,0.0
Otros,beets-staked-sonic,0.0
Otros,zentry,0.0
Otros,bc-token,0.0
Otros,safecoin,0.0
Otros,lagrange,0.0
Otros,dia-data,0.0
Otros,chaingpt,0.0
Otros,across-protocol,0.0
Otros,tokenlon,0.0
Otros,staked-frax,0.0
Otros,unibase,0.0
Otros,nosana,0.0
Otros,flock-2,0.0
Otros,alpine-f1-team-fan-token,0.0
Otros,daku-v2,0.0
Otros,civic,0.0
Otros,dymension,0.0
Otros,cartesi,0.0
Otros,taiko,0.0
Otros,0xy,0.0
Otros,milk-alliance,0.0
Otros,joe,0.0
Otros,dkargo,0.0
Otros,marlin,0.0
Otros,ong,0.0
Otros,straitsx-xusd,0.0
Otros,space-id,0.0
Otros,cookie,0.0
Otros,cetus-protocol,0.0
Otros,huobi-token,0.0
Otros,rujira,0.0
Otros,bless-2,0.0
Otros,banana-gun,0.0
Otros,nkyc-token,0.0
Otros,sonic-svm,0.0
Otros,sui-bridged-ether-sui,0.0
Otros,metamask-usd,0.0
Otros,paxos-standard,0.0
Otros,eth0,0.0
Otros,electroneum,0.0
Otros,dogs-2,0.0
Otros,liqwid-finance,0.0
Otros,whiteheart,0.0
Otros,solv-protocol-solvbtc-jupiter,0.0
Otros,coinshift-usdl-morpho-vault,0.0
Otros,lisk,0.0
Otros,wax,0.0
Otros,ket,0.0
Otros,socean-staked-sol,0.0
Otros,steem,0.0
Otros,vaultbridge-bridged-usdc-katana,0.0
Otros,zedxion,0.0
Otros,saga-2,0.0
Otros,definitive,0.0
Otros,terrausd,0.0
Otros,huma-finance,0.0
Otros,usda-3,0.0
Otros,dent,0.0
Otros,token-pocket,0.0
Otros,tharwa,0.0
Otros,tokamak-network,0.0
Otros,moonbeam,0.0
Otros,energy-web-token,0.0
Otros,frax-usd,0.0
Otros,seraph,0.0
Otros,btu-protocol,0.0
Otros,binance-peg-avalanche,0.0
Otros,baby-shark-universe,0.0
Otros,zeus-netwok-zbtc,0.0
Otros,ergo,0.0
Otros,arcblock,0.0
Otros,sai,0.0
Otros,sophon,0.0
Otros,luck-3,0.0
Otros,blockv,0.0
Otros,benqi,0.0
Otros,deso,0.0
Otros,cronos-bridged-wbtc-cronos,0.0
Otros,auction,0.0
Otros,kyber-network-crystal,0.0
Otros,rif-token,0.0
Otros,matrixdock-gold,0.0
Otros,solidus-aitech,0.0
Otros,researchcoin,0.0
Otros,smooth-love-potion,0.0
Otros,bridged-tether-opbnb,0.0
Otros,ridges-ai,0.0
Otros,magic-internet-money,0.0
Otros,vine,0.0
Otros,binance-usd,0.0
Otros,magic,0.0
Otros,sanctum-2,0.0
Otros,vndc,0.0
Otros,yzy,0.0
Otros,moonriver,0.0
Otros,usual,0.0
Otros,metal,0.0
Otros,byusd,0.0
Otros,chain-key-bitcoin,0.0
Otros,scroll,0.0
Otros,gamebuild,0.0
Otros,thena,0.0
Otros,savings-crvusd,0.0
Otros,escoin-token,0.0
Otros,xai-blockchain,0.0
Otros,cjournal-2,0.0
Otros,wrapped-nxm,0.0
Otros,initia,0.0
Otros,dogelon-mars,0.0
Otros,geodnet,0.0
Otros,storx,0.0
Otros,wrapped-xrp,0.0
Otros,ssv-network,0.0
Otros,pocket-network,0.0
Otros,epic-chain,0.0
Otros,gains-network,0.0
Otros,bifrost,0.0
Otros,hippo-protocol,0.0
Otros,railgun,0.0
Otros,hyperlane,0.0
Otros,banana-for-scale-2,0.0
Otros,universal-eth,0.0
Otros,hydradx,0.0
Otros,a-hunters-dream,0.0
Otros,ocean-protocol,0.0
Otros,ondo-u-s-dollar-token,0.0
Otros,stargate-bridged-weth,0.0
Otros,unit-00-rei,0.0
Otros,victoria-vr,0.0
Otros,certik,0.0
Otros,elastos,0.0
Otros,wrapped-fragsol,0.0
Otros,secret,0.0
Otros,blackhole,0.0
Otros,societe-generale-forge-eurcv,0.0
Otros,bedrock-btc,0.0
Otros,supra,0.0
Otros,wink,0.0
Otros,gemini-dollar,0.0
Otros,medibloc,0.0
Otros,noble-dollar-usdn,0.0
Otros,bridged-tether-linea,0.0
Otros,polyhedra-network,0.0
Otros,adventure-gold,0.0
Otros,tornado-cash,0.0
Otros,sygnum-fiusd-liquidity-fund,0.0
Otros,liquid-hype-yield,0.0
Otros,simon-s-cat,0.0
Otros,neutron-3,0.0
Otros,sceptre-staked-flr,0.0
Otros,unit-fartcoin,0.0
Otros,cobak-token,0.0
Otros,connect-token-wct,0.0
Otros,six,0.0
Otros,usd,0.0
Otros,jelly-my-jelly,0.0
Otros,nusd,0.0
Otros,mountain-protocol-usdm,0.0
Otros,aurora-near,0.0
Otros,bankercoin-2,0.0
Otros,elixir-staked-deusd,0.0
Otros,bucket-protocol-buck-stablecoin,0.0
Otros,ponke,0.0
Otros,coin98,0.0
Otros,alethea-artificial-liquid-intelligence-token,0.0
Otros,peapods-finance,0.0
Otros,vanar-chain,0.0
Otros,qanplatform,0.0
Otros,propy,0.0
Otros,quack-ai,0.0
Otros,akedo,0.0
Otros,saucerswap,0.0
Otros,seth,0.0
Otros,znd-token,0.0
Otros,infrafred-bgt,0.0
Otros,iagon,0.0
Otros,bit2me,0.0
Otros,nobody-sausage,0.0
Otros,wmatic,0.0
Otros,corn-3,0.0
Otros,zircuit,0.0
Otros,lift-dollar,0.0
Otros,kernel-2,0.0
Otros,coinbase-wrapped-xrp,0.0
Otros,hashflow,0.0
Otros,moonwell-flagship-usdc-morpho-vault,0.0
Otros,mythos,0.0
Otros,aergo,0.0
Otros,avail,0.0
Otros,sapien-2,0.0
Otros,alchemist-ai,0.0
Otros,radix,0.0
Otros,newton-protocol,0.0
Otros,river,0.0
Otros,liquity-bold-2,0.0
Otros,avalanche-old-bridged-wbtc-avalanche,0.0
Otros,bonk-staked-sol,0.0
Otros,velodrome-finance,0.0
Otros,goldfinch,0.0
Otros,tagger,0.0
Otros,manyu-2,0.0
Otros,doodles,0.0
Otros,quark-chain,0.0
Otros,deapcoin,0.0
Otros,oasys,0.0
Otros,paal-ai,0.0
Otros,dodo,0.0
Otros,celium,0.0
Otros,looped-hype,0.0
Otros,medxt,0.0
Otros,mango-network,0.0
Otros,hunt-token,0.0
Otros,derive,0.0
Otros,veraone,0.0
Otros,staked-frax-usd,0.0
Otros,hegic,0.0
Otros,yield-optimizer-eth,0.0
Otros,andy-the-wisguy,0.0
Otros,unipoly,0.0
Otros,hairdao,0.0
Otros,trufin-staked-apt,0.0
Otros,treehouse,0.0
Otros,usd-coin-avalanche-bridged-usdc-e,0.0
Otros,bluefin,0.0
Otros,bas,0.0
Otros,boba-network,0.0
Otros,austin-capitals,0.0
Otros,trufin-staked-matic,0.0
Otros,pepeontron,0.0
Otros,xtcom-token,0.0
Otros,metronome-synth-eth,0.0
Otros,impossible-cloud-network-token,0.0
Otros,superrare,0.0
Otros,islamic-coin,0.0
Otros,binance-peg-dai,0.0
Otros,dolomite,0.0
Otros,chainflip,0.0
Otros,advertise-coin,0.0
Otros,towns,0.0
Otros,diamond-launch,0.0
Otros,hamster-kombat,0.0
Otros,vitadao,0.0
Otros,corgiai,0.0
Otros,avalon-2,0.0
Otros,staked-stream-usd,0.0
Otros,gods-unchained,0.0
Otros,pirate-chain,0.0
Otros,ice,0.0
Otros,celer-network,0.0
Otros,burnedfi,0.0
Otros,qkacoin,0.0
Otros,apu-s-club,0.0
Otros,keep-network,0.0
Otros,stake-link,0.0
Otros,nym,0.0
Otros,ankreth,0.0
Otros,maverick-protocol,0.0
Otros,mezo-wrapped-btc,0.0
Otros,devve,0.0
Otros,slerf,0.0
Otros,autonolas,0.0
Otros,oort,0.0
Otros,chainopera-ai,0.0
Otros,fartboy,0.0
Otros,smardex,0.0
Otros,polyswarm,0.0
Otros,egl1,0.0
Otros,worthless,0.0
Otros,targon,0.0
Otros,oraichain-token,0.0
Otros,bsquared-network,0.0
Otros,pup-token,0.0
Otros,minswap,0.0
Otros,chill-guy,0.0
Otros,usualx,0.0
Otros,liquity-usd,0.0
Otros,look,0.0
Otros,helio-protocol-hay,0.0
Otros,solv-protocol-solvbtc-core,0.0
Otros,origin-protocol,0.0
Otros,kled-ai,0.0
Otros,unity-2,0.0
Otros,truefi,0.0
Otros,marblex,0.0
Otros,bitcoinzk-zyra,0.0
Otros,bitlight,0.0
Otros,bitcoin-on-katana,0.0
Otros,pol-staked-wbera,0.0
Otros,hypurr-fun,0.0
Otros,bridged-usd-coin-optimism,0.0
Otros,snowbank,0.0
Otros,sparkdex,0.0
Otros,optio,0.0
Otros,ekubo-protocol,0.0
Otros,relend-usdc,0.0
Otros,metya,0.0
Otros,i-love-puppies,0.0
Otros,moviebloc,0.0
Otros,hex-trust-usdx,0.0
Otros,mori-coin,0.0
Otros,uquid-coin,0.0
Otros,global-commercial-business,0.0
Otros,compound-usd-coin,0.0
Otros,stader-maticx,0.0
Otros,fractal-bitcoin,0.0
Otros,bugscoin,0.0
Otros,olaxbt,0.0
Otros,pinksale,0.0
Otros,mantle-bridged-usdc-mantle,0.0
Otros,naoris,0.0
Otros,humans-ai,0.0
Otros,access-protocol,0.0
Otros,aia,0.0
Otros,celo-dollar,0.0
Otros,pinlink,0.0
Otros,tokenfi,0.0
Otros,hive_dollar,0.0
Otros,ai-analysis-token,0.0
Otros,aegis-yusd,0.0
Otros,stader,0.0
Otros,endurance,0.0
Otros,l2-standard-bridged-weth-blast,0.0
Otros,honey-3,0.0
Otros,concierge-io,0.0
Otros,acet-token,0.0
Otros,tradoor,0.0
Otros,web-3-dollar,0.0
Otros,coq-inu,0.0
Otros,unstable-coin,0.0
Otros,laine-stake,0.0
Binance,bitcoin,1.0
Binance,tether,0.4614547658097765
Binance,wrapped-steth,0.0009965798765477316
Binance,wrapped-beacon-eth,0.0010211143410589808
Binance,ethena-usde,0.05363469464255144
Binance,wrapped-bitcoin,0.014362563288607123
Binance,weth,0.024019737030840805
Binance,litecoin,0.04399985919170729
Binance,binance-bridged-usdt-bnb-smart-chain,0.3299454243263016
Binance,usds,0.0008563932925228609
Binance,coinbase-wrapped-btc,0.04006139064533741
Binance,mantle,0.048900620299565996
Binance,world-liberty-financial,0.07577337269197545
Binance,monero,0.018809626164543722
Binance,aave,0.07264049377258601
Binance,memecore,0.004974355105168417
Binance,ethereum-classic,0.016114525836595905
Binance,binance-staked-sol,0.005752385736715251
Binance,pi-network,0.014237451909816227
Binance,pump-fun,0.28381426508492136
Binance,cosmos,0.036407670832594025
Binance,kinetic-staked-hype,0.014618281803488389
Binance,rocket-pool-eth,0.0016951732259014264
Binance,usdtb,0.0014146766835967412
Binance,sky,0.015522809836891721
Binance,quant-network,0.014762032205316468
Binance,jupiter-exchange-solana,0.010101010101010102
Binance,injective-protocol,0.058520124179054986
Binance,first-digital-usd,4.493244526702748
Binance,zcash,0.09815600438970146
Binance,binance-bridged-usdc-bnb-smart-chain,0.2914251443809142
Binance,pancakeswap-token,0.07677280957160136
Binance,cgeth-hashkey-cloud,1.518929996043873e-08
Binance,floki,0.06302650268226528
Binance,ripple-usd,0.0984547338380278
Binance,conflux-token,0.03919028777677534
Binance,dogwifcoin,0.16432443424525264
Binance,superstate-short-duration-us-government-securities-fund-ustb,0.0
Binance,tbtc,0.01811084487032911
Binance,gala,0.09006404825743854
Binance,the-sandbox,0.05516020778851964
Binance,gteth,0.00039804251756622125
Binance,eigenlayer,0.2019393080217436
Binance,mantle-restaked-eth,0.005468698881502689
Binance,ether-fi-staked-eth,3.154307720536557e-05
Binance,usual-usd,0.000833368652355678
Binance,sweth,0.0005749457976127146
Binance,benqi-liquid-staked-avax,0.0021292846096379993
Binance,sun-token,0.21240761910528078
Binance,usdd,0.007719405147294324
Binance,swissborg,0.002460832689999528
Binance,dydx-chain,0.019150633338377455
Binance,ethena-staked-ena,0.0009401524548827779
Binance,steakhouse-usdc-morpho-vault,0.0
Binance,bridged-usdc-polygon-pos-bridge,0.030029766497189324
Binance,syrup,0.004878048780487805
Binance,linea,0.0048543689320388345
Binance,four,0.004830917874396135
Binance,apenft,0.037510317661816846
Binance,thorchain,0.13053577465146804
Binance,coredaoorg,0.03561261530138631
Binance,beam-2,0.03580167195530533
Binance,gnosis,0.023757775550417776
Binance,avantis,1.731970722608284
Binance,havven,0.27088938526829853
Binance,berachain-bera,0.26506076114666943
Binance,zksync,0.02681479842262609
Binance,olympus,0.0006089842294635604
Binance,superfarm,0.02349532461568166
Binance,satoshi-stablecoin,0.00023577804807181052
Binance,apex-token-2,0.5699751368219567
Binance,kaito,0.906224798474524
Binance,axelar,0.03543430118093274
Binance,deep,0.09188644872240175
Binance,plume,0.07306812408159713
Binance,livepeer,0.04927309904255406
Binance,btse-token,0.003829760437865255
Binance,dash,0.089849916854553
Binance,convex-finance,0.0460964711617676
Binance,tribe-2,0.0002961779995036064
Binance,mx-token,0.02886971145598353
Binance,stp-network,0.003257328990228013
Binance,openeden-open-dollar,9.383687765904528e-05
Binance,safe,0.023874515597239077
Binance,cheems-token,0.006723763255464625
Binance,golem,0.03398880795974882
Binance,popcat,0.10863466810758711
Binance,universal-btc,0.0024244229705159283
Binance,peanut-the-squirrel,0.09957451284000665
Binance,fidelity-digital-interest-token,0.0
Binance,0x,0.06115527171836638
Binance,nxm,0.0
Binance,reservoir-srusd,4.727398228030673e-08
Binance,astar,0.07812239962508868
Binance,yearn-finance,0.15315300804725202
Binance,kinesis-silver,0.0012903196263501224
Binance,conscious-token,0.003784885808655748
Binance,origintrail,0.019505213710957904
Binance,bnb48-club-token,0.2915717342413407
Binance,avalanche-bridged-weth-avalanche,0.3155833249005331
Binance,metaplex,0.048693102057800856
Binance,skale,0.5601228394115387
Binance,wrapped-centrifuge,0.005423279279960577
Binance,useless-3,0.13816075433145406
Binance,troll-2,0.14345157038212902
Binance,aelf,0.036446855945215725
Binance,agora-dollar,0.23699760617508514
Binance,cap-usd,0.0003724656826332891
Binance,sui-bridged-wbtc-sui,0.04625478427309552
Binance,harmony,0.053314439429866106
Binance,avant-usd,0.0026349530184742492
Binance,apollo-diversified-credit-securitize-fund,0.0
Binance,babylon,0.10063605126345357
Binance,altlayer,0.10038949146487014
Binance,theo-short-duration-us-treasury-fund,0.046431498069893724
Binance,illuvium,0.05184930230536781
Binance,orca,0.10927061867791461
Binance,kelp-gain,7.036228974461859e-05
Binance,wrapped-aave-ethereum-usdt,0.026266209383789076
Binance,orderly-network,1.5222498661663615
Binance,payfi-strategy-token-usdc,0.003688734392737312
Binance,f-x-protocol-fxusd,0.03140742247559513
Binance,ontology,0.04392456577433027
Binance,amnis-aptos,0.001045150036755661
Binance,sky-coin,9.41399413364848e-08
Binance,degen-base,0.10429700357003599
Binance,band-protocol,0.0019723865877712033
Binance,loopring,0.001968503937007874
Binance,coti,0.0019646365422396855
Binance,portal-to-bitcoin,0.1095117524901031
Binance,okzoo,0.08321645352380357
Binance,subsquid,0.3160876466300493
Binance,osmosis,0.06124114959158552
Binance,tradable-singapore-fintech-ssl-2,0.0
Binance,qusdt,5.1265657223401716e-05
Binance,susda,0.0
Binance,blast,0.06357978376834833
Binance,terra-luna-2,0.11322130512827124
Binance,ecomi,0.08913675464622353
Binance,moonwell-artemis,0.05094307209506371
Binance,request-network,0.0384180024858637
Binance,bridged-usd-coin-linea,0.24865746137403547
Binance,ika,0.20883981395771456
Binance,orcib,0.0013676076019193426
Binance,freysa-ai,0.008556115242707253
Binance,verge,0.09495614302846271
Binance,project-galaxy,0.00024886130988017454
Binance,ardor,0.0016420361247947454
Binance,anime,0.11040650324923602
Binance,stratis,0.008940398084750646
Binance,pha,0.08513694294748651
Binance,monbasecoin,0.0032769140579833895
Binance,punkstrategy,0.09967074462509865
Binance,ben-pasternak,0.22198831849677944
Binance,cyberconnect,0.1457917846289118
Binance,bertram-the-pomeranian,0.0808521903327529
Binance,nillion,0.11035946080478971
Binance,quantixai,0.11520646754478354
Binance,bancor,0.05881051213888602
Binance,revox,0.24640026277421798
Binance,marinade,0.03860478069921813
Binance,daku-v2,0.00010045142140380002
Binance,cartesi,0.4018667866456913
Binance,marlin,0.028925115896984495
Binance,ong,0.040520650284335616
Binance,cetus-protocol,0.16115360879582732
Binance,bless-2,0.9544558171594683
Binance,dogs-2,0.0014064697609001407
Binance,lisk,0.0462875564762456
Binance,steem,0.22649957200029783
Binance,vaultbridge-bridged-usdc-katana,0.23904575717288745
Binance,definitive,0.03440766106604163
Binance,huma-finance,0.7475088412317884
Binance,binance-peg-avalanche,0.005035813975238948
Binance,arcblock,0.005241450337896466
Binance,bridged-tether-opbnb,0.0001769564910153808
Binance,vndc,2.1857815240822227e-07
Binance,moonriver,0.0633630011241161
Binance,usual,0.1980946726125029
Binance,metal,0.02245487996553406
Binance,cjournal-2,0.00038159616532645825
Binance,initia,0.27718614325561985
Binance,dogelon-mars,0.026245466985277105
Binance,geodnet,0.0066855612803481184
Binance,wrapped-xrp,0.00022987649531458097
Binance,ssv-network,0.17860638484748773
Binance,epic-chain,0.15187825885081102
Binance,bifrost,0.020124579174727777
Binance,hyperlane,0.28266329426332526
Binance,hydradx,0.000700346924715273
Binance,bridged-tether-linea,0.2500102646042803
Binance,neutron-3,0.029587037496988176
Binance,ponke,0.13333762706824584
Binance,alethea-artificial-liquid-intelligence-token,0.05139031426319485
Binance,peapods-finance,0.010144796367607725
Binance,seth,4.404825897389954e-06
Binance,znd-token,0.19770049992355915
Binance,lift-dollar,4.9663484652340345e-06
Binance,moonwell-flagship-usdc-morpho-vault,8.560009552111426e-05
Binance,liquity-bold-2,0.0486228520818016
Binance,velodrome-finance,0.08486054828836105
Binance,tagger,0.06675146008841776
Binance,deapcoin,0.052905111357509166
Binance,oasys,0.03235090774668746
Binance,medxt,1.6530785284858515e-05
Binance,veraone,0.0009289595703621457
Binance,staked-frax-usd,0.0028776653022960256
Binance,usd-coin-avalanche-bridged-usdc-e,0.05137165037155522
Binance,pepeontron,0.0062860063317470285
Binance,metronome-synth-eth,0.07089621029566057
Binance,islamic-coin,0.002640372834213267
Binance,dolomite,0.4276647839180273
Binance,chainflip,0.013909219082162161
Binance,advertise-coin,0.000340989248515975
Binance,hamster-kombat,0.001091703056768559
Binance,celer-network,0.0742124117102701
Binance,ankreth,2.8041429584908215e-05
Binance,slerf,0.11113140824072903
Binance,fartboy,0.006364459539612161
Binance,worthless,0.03167014873207385
Binance,bsquared-network,1.2196252500134752
Binance,marblex,0.07320994362112224
Binance,bitcoin-on-katana,0.003102662621386079
Binance,ekubo-protocol,0.006299792373788802
Binance,fractal-bitcoin,0.11765202324168629
Binance,pinksale,3.553872282449009e-08
Binance,ai-analysis-token,0.0010520386781654352
Binance,aegis-yusd,0.0025743183741867084
Binance,stader,0.11267632343519048
Binance,acet-token,0.0009063422561228851
Coinbase,cardano,0.03861320199479285
Coinbase,figure-heloc,2.042535356351437e-07
Coinbase,wrapped-eeth,0.0010164582456837499
Coinbase,leo-token,9.137435626449491e-05
Coinbase,crypto-com-chain,0.006691713738604616
Coinbase,ethena-staked-usde,0.03055488070193535
Coinbase,dai,0.029234110588868423
Coinbase,ethena,0.05339758466337943
Coinbase,aptos,0.1443099253284905
Coinbase,ondo-finance,0.0374746661685593
Coinbase,usd1-wlfi,0.08493261414842528
Coinbase,plasma,0.7432377868518838
Coinbase,paypal-usd,0.05446861315968316
Coinbase,susds,0.012399280751964347
Coinbase,kaspa,0.015360811767593071
Coinbase,gatechain-token,0.006079430178474881
Coinbase,kucoin-shares,0.0025873979691338304
Coinbase,pudgy-penguins,0.09963984944319239
Coinbase,sei-network,0.04262875733567034
Coinbase,stakewise-v3-oseth,0.00017885584491418908
Coinbase,official-trump,0.10271966870125718
Coinbase,tether-gold,0.14083531227351628
Coinbase,jupiter-staked-sol,0.025146094342118726
Coinbase,mantle-staked-ether,0.001252115459157387
Coinbase,pyth-network,0.030933935848279418
Coinbase,zero-gravity,0.7826348803952579
Coinbase,l2-standard-bridged-weth-base,0.8010687768780071
Coinbase,tezos,0.02523407224460504
Coinbase,walrus-2,0.025590313572362664
Coinbase,mantle-bridged-usdt-mantle,0.011830283995486919
Coinbase,wormhole,0.12029522028019204
Coinbase,wrapped-avax,0.8543883317200224
Coinbase,polygon-pos-bridged-dai-polygon-pos,0.02538419607494104
Coinbase,usdai,0.048371805412296943
Coinbase,based-brett,0.13195052861530504
Coinbase,usdb,0.0017985044077727936
Coinbase,unit-bitcoin,0.1874593214101627
Coinbase,drift-staked-sol,0.00041298188199975284
Coinbase,astherus-usdf,0.0562811294261523
Coinbase,gho,0.09707563758833762
Coinbase,ecash,0.017918398480331926
Coinbase,reserve-rights-token,0.04926836144483761
Coinbase,ronin,0.014242276056262026
Coinbase,staked-frax-ether,0.000880917084097449
Coinbase,merlin-chain,0.11809213049124592
Coinbase,venom,0.0007835512688316204
Coinbase,snek,0.02272134543875115
Coinbase,grass,0.26705777269111136
Coinbase,decred,0.021924100907163936
Coinbase,ribbita-by-virtuals,0.011213164530477994
Coinbase,compound-wrapped-btc,0.0
Coinbase,euro-coin,0.11453019195093668
Coinbase,layerzero,0.20634803012912944
Coinbase,blockchain-capital,0.0
Coinbase,infrared-bera,0.0019212226379989154
Coinbase,dora-2,0.043740775710759655
Coinbase,compounding-open-dollar,0.025631695217913288
Coinbase,theta-fuel,0.005519256784029676
Coinbase,zora,0.17364129786402632
Coinbase,reallink,0.10383127085349594
Coinbase,centrifuge-2,0.06962108776850355
Coinbase,zilliqa,0.05768250611907079
Coinbase,usda-2,8.328555574065253e-05
Coinbase,legacy-token,0.019001526752494207
Coinbase,gas,0.02177598695742085
Coinbase,zano,0.007672533235493936
Coinbase,tradable-na-rent-financing-platform-sstn,0.0
Coinbase,ether-fi-staked-btc,0.0013590763873754562
Coinbase,cronos-bridged-usdc-cronos,0.008051262812367493
Coinbase,ignition-fbtc,0.00040039320398835824
Coinbase,world-mobile-token,0.04406923162442298
Coinbase,sahara-ai,0.07239436947855736
Coinbase,restaking-vault-eth,2.7234026274070585e-08
Coinbase,gmx,0.08847695822560717
Coinbase,mag7-ssi,0.003618693473110942
Coinbase,resolv-rlp,0.029073079117967218
Coinbase,purr-2,0.17112090656440546
Coinbase,phantom-staked-sol,0.005610593489896205
Coinbase,stasis-eurs,0.00013548883519923344
Coinbase,humanity,1.0040365288611082
Coinbase,standx-dusd,0.8746774393325519
Coinbase,ankr,0.0700598981941862
Coinbase,bitkub-coin,0.0027531969926513473
Coinbase,uchain-2,0.04961651569422779
Coinbase,digibyte,0.027348388911704682
Coinbase,rollbit-coin,0.002324223636979128
Coinbase,memecoin-2,0.15925617263161468
Coinbase,yu,0.0016498287305339997
Coinbase,gems-vip,0.05092713005862759
Coinbase,aleo,0.013403617500268541
Coinbase,ozone-chain,0.001976885309177171
Coinbase,stepn,0.14159246137084275
Coinbase,wrapped-xpl,1.004550984172735
Coinbase,shuffle-2,0.004190126628536241
Coinbase,openledger-2,0.41183367970834095
Coinbase,solo-coin,0.037888946169336454
Coinbase,r0ar-token,0.0003309212084575697
Coinbase,sbtc-2,0.00048747865240275856
Coinbase,vicicoin,0.001723841840350868
Coinbase,aevo-exchange,1.585075585313482
Coinbase,onyc,0.0009170966253871748
Coinbase,venus,0.09216169258798614
Coinbase,vaultbridge-bridged-eth-katana,0.1492772951386734
Coinbase,pay-coin,0.00828131543227641
Coinbase,verasity,0.2527942005917534
Coinbase,fx-usd-saving,0.006998464352501454
Coinbase,sign-global,0.18579698393782704
Coinbase,yield-guild-games,0.2757770174628902
Coinbase,waves,0.12619565624865148
Coinbase,bridged-wrapped-steth-gnosis,0.05114677601393203
Coinbase,mbg-by-multibank-group,0.11006836245322325
Coinbase,bora,0.0009116522435155828
Coinbase,aixbt,0.18167227848584358
Coinbase,temple,4.072583811444604e-05
Coinbase,biconomy,0.0622286632206325
Coinbase,chex-token,0.00996129642511068
Coinbase,solayer,0.12163000355314427
Coinbase,openvpp,0.043514223144084
Coinbase,l2-standard-bridged-weth-optimism,0.3178190367297308
Coinbase,onfa,0.045126998631404784
Coinbase,iostoken,0.06442516485208145
Coinbase,bouncebit,0.4692623466730518
Coinbase,carv,0.1534444500099593
Coinbase,bonfida,0.4511796868582617
Coinbase,staked-usd1,4.415784757446566e-07
Coinbase,vaultbridge-bridged-wbtc-katana,0.011517012555487533
Coinbase,wrapped-savings-rusd,2.5207183458296353e-07
Coinbase,chutes,0.01941563947296415
Coinbase,gama-token,0.004220587204183108
Coinbase,felix-feusd,0.040961843751647076
Coinbase,audius,0.09442204008049157
Coinbase,tutorial,0.17984376081877504
Coinbase,sui-bridged-usdt-sui,2.600167287347788
Coinbase,chromaway,0.09935193318647477
Coinbase,liquity,0.26428965959534667
Coinbase,camp-network,0.09654519018467082
Coinbase,coca,0.003179976245953647
Coinbase,chaingpt,0.12629953450418693
Coinbase,milk-alliance,0.08980048417891198
Coinbase,dkargo,0.03471425194048043
Coinbase,space-id,0.15753063763623543
Coinbase,rujira,0.00434182997779504
Coinbase,nkyc-token,0.0032005354880429836
Coinbase,metamask-usd,0.27230458676185804
Coinbase,socean-staked-sol,0.06973078667677361
Coinbase,btu-protocol,1.4159637231777788e-07
Coinbase,auction,0.18543256395205726
Coinbase,rif-token,0.013372032150986632
Coinbase,ridges-ai,0.06154276110368748
Coinbase,byusd,0.016411854028169547
Coinbase,hippo-protocol,0.903467515765065
Coinbase,ocean-protocol,0.0014911231079371996
Coinbase,unit-00-rei,0.05578825612358128
Coinbase,certik,0.10868768728639852
Coinbase,wrapped-fragsol,0.009470667784916627
Coinbase,blackhole,0.07292185314682849
Coinbase,bedrock-btc,0.0
Coinbase,gemini-dollar,0.019918537657541684
Coinbase,simon-s-cat,0.10164436530703215
Coinbase,cobak-token,0.13893776543907424
Coinbase,vanar-chain,0.08762516224022435
Coinbase,quack-ai,0.4706736551799775
Coinbase,akedo,0.5262229241639628
Coinbase,iagon,0.009243104334536147
Coinbase,nobody-sausage,0.08078424901303768
Coinbase,wmatic,0.20431111051871784
Coinbase,coinbase-wrapped-xrp,0.021707661723529077
Coinbase,hashflow,0.16403900608550667
Coinbase,mythos,0.06690929349921175
Coinbase,radix,0.0033349947694956794
Coinbase,derive,0.00593212399247005
Coinbase,andy-the-wisguy,0.010612084731315165
Coinbase,bas,0.374902916506908
Coinbase,impossible-cloud-network-token,0.2863144903617936
Coinbase,superrare,0.17292332934178634
Coinbase,vitadao,0.004818017488561592
Coinbase,corgiai,0.0013470860788744557
Coinbase,avalon-2,0.5808017220020465
Coinbase,pirate-chain,0.004695527400437854
Coinbase,ice,0.40672056132099627
Coinbase,keep-network,2.6121715704500733e-05
Coinbase,devve,0.005239203448556204
Coinbase,autonolas,0.007418430378903012
Coinbase,chainopera-ai,0.5093892022908539
Coinbase,targon,0.0073970693342758015
Coinbase,oraichain-token,0.017356319194561636
Coinbase,pup-token,0.044913265607652596
Coinbase,minswap,0.00432555227969881
Coinbase,look,0.030980173147855186
Coinbase,kled-ai,0.058490972447465
Coinbase,pol-staked-wbera,0.0022368453230562483
Coinbase,bridged-usd-coin-optimism,0.03211670338994228
Coinbase,snowbank,3.2512860621654964e-06
Coinbase,moviebloc,0.14416836097032062
Coinbase,hex-trust-usdx,0.0001330492147867192
Coinbase,uquid-coin,0.0003038217574781495
Coinbase,mantle-bridged-usdc-mantle,0.04752967528469148
Coinbase,naoris,0.11744656733165845
Coinbase,access-protocol,0.012908502547566675
Coinbase,aia,0.4970525681614582
Coinbase,hive_dollar,1.705461249192021e-06
Kraken,bitcoin,1.0
Kraken,ethereum,0.052370725496721116
Kraken,hedera-hashgraph,0.014656838720542827
Kraken,uniswap,0.03952662319368092
Kraken,okb,0.018311353896419455
Kraken,pepe,0.07036570799231653
Kraken,near,0.04640897037458776
Kraken,aster-2,0.31559819211120593
Kraken,myx-finance,0.09583512214849078
Kraken,bittensor,0.02347360656389697
Kraken,arbitrum,0.055991609625013865
Kraken,algorand,0.027241881831927366
Kraken,bfusd,0.0031530755780312513
Kraken,liquid-staked-ethereum,0.0002528429679566235
Kraken,jupiter-exchange-solana,0.010101010101010102
Kraken,xdce-crowd-sale,0.009900990099009901
Kraken,solv-btc,0.0008160064959520161
Kraken,lido-dao,0.05395162673050012
Kraken,aerodrome-finance,0.0486328301941395
Kraken,arbitrum-bridged-wbtc-arbitrum-one,0.08356738751401306
Kraken,clbtc,3.6950881667260247e-09
Kraken,ether-fi,0.09880961265252639
Kraken,theta-token,0.0255278368095899
Kraken,usdx-money-usdx,0.00015335023953032566
Kraken,iota,0.009947212339019136
Kraken,newton-project,0.038815791671274746
Kraken,binance-peg-dogecoin,0.007184184585307918
Kraken,jasmycoin,0.029304934912026924
Kraken,flow,0.012172007067539518
Kraken,trust-wallet-token,0.10191801931203381
Kraken,dexe,0.016420720176199253
Kraken,starknet,0.0388906658868405
Kraken,true-usd,0.024376909544057912
Kraken,bitcoin-cash-sv,0.03002754899406274
Kraken,bybit-staked-sol,0.006273365851766067
Kraken,polygon-pos-bridged-weth-polygon-pos,0.018693639516088392
Kraken,vision-3,0.0049504950495049506
Kraken,syrup,0.004878048780487805
Kraken,linea,0.0048543689320388345
Kraken,neo,0.026306831965444217
Kraken,savings-dai,0.012278027755911124
Kraken,reserve-protocol-eth-plus,0.000977128801121444
Kraken,arweave,0.06423747039592669
Kraken,wrapped-hype,0.6354472525821229
Kraken,treehouse-eth,0.0035645018665120395
Kraken,kava,0.04033738546720512
Kraken,solv-protocol-solvbtc-bbn,0.00016963870232385893
Kraken,wemix-token,0.010404013739838344
Kraken,zebec-network,0.04649837540378032
Kraken,movement,0.05697775989900309
Kraken,terra-luna,0.024019447060547136
Kraken,frax,0.010360200417395419
Kraken,keeta,0.04608908528384343
Kraken,mocaverse,0.04543074629530781
Kraken,mog-coin,0.055380872509022815
Kraken,syndicate-3,0.05253452698627948
Kraken,rekt-4,0.005113506561184778
Kraken,stbl,0.5477051506815681
Kraken,cat-in-a-dogs-world,0.0032679738562091504
Kraken,resolv-usr,0.019279170365245075
Kraken,qtum,0.03774349278756452
Kraken,iotex,0.03075795331855952
Kraken,origin-ether,0.0010439575685237616
Kraken,lombard-protocol,1.3092885541878525
Kraken,mina-protocol,0.04244888280520563
Kraken,metal-blockchain,0.007024926389241452
Kraken,mimbogamegroup,0.008615016327451755
Kraken,mira-3,1.606738151309855
Kraken,qubic-network,0.023192737498431343
Kraken,frax-share,0.05881954034602454
Kraken,blur,0.08165750701221063
Kraken,oasis-network,0.02254472861671531
Kraken,gmt-token,0.06817113126014226
Kraken,mantra-dao,0.24327323679222368
Kraken,kinesis-gold,0.00040115731734795414
Kraken,ordinals,0.18413776316534247
Kraken,resolv-wstusr,0.018084940189913374
Kraken,notcoin,0.09681646654676575
Kraken,vethor-token,0.011556799784402425
Kraken,moo-deng,0.0024630541871921183
Kraken,ethereum-pow-iou,0.0024509803921568627
Kraken,infinifi-usd,0.003100680122058161
Kraken,peaq-2,0.04889122669854605
Kraken,redstone-oracles,0.15230196351781924
Kraken,sushi,0.1472537374002734
Kraken,chia,0.05422284756161225
Kraken,avant-staked-usd,0.001487953847750298
Kraken,marsmi,0.0016919168383982559
Kraken,gusd,0.15184031946893561
Kraken,moonwell-flagship-eth-morpho-vault,1.8109517423212287e-06
Kraken,verus-coin,4.6216290680418225e-05
Kraken,lorenzo-stbtc,3.301016192871351e-05
Kraken,boundless,10.388474434995493
Kraken,anzen-usdz,0.0005395589822270675
Kraken,gigachad-2,0.02323871596740531
Kraken,fulcrom,0.00014212323822742942
Kraken,uma,0.06659152168222664
Kraken,band-protocol,0.0019723865877712033
Kraken,loopring,0.001968503937007874
Kraken,coti,0.0019646365422396855
Kraken,gohome,0.02761863892184044
Kraken,rocket-pool,0.044291829727761425
Kraken,osaka-protocol,0.0009023329960566764
Kraken,swipe,0.032709246262993284
Kraken,api3,0.16201823472747576
Kraken,staked-hype,0.011765555787548109
Kraken,mashida,0.00019853391134265637
Kraken,ai16z,1.0635566797344949
Kraken,caldera,0.15056055668593424
Kraken,hive,0.017257165777683336
Kraken,soon-2,0.09862515459744736
Kraken,status,0.09215906647992365
Kraken,cronos-bridged-usdt-cronos,0.0026063184936170325
Kraken,metis-token,0.06714181782859387
Kraken,manta-network,0.09159329881286356
Kraken,usdx,1.0510520078732346e-05
Kraken,bitdca,0.008638050070236181
Kraken,skor-ai,0.0027146353422528922
Kraken,power-ledger,0.03124540815830836
Kraken,iexec-rlc,0.36298560335834773
Kraken,orbs,0.07417554570306024
Kraken,siren-2,0.047210773154183136
Kraken,venice-token,0.022132682151122757
Kraken,vaneck-treasury-fund,0.0
Kraken,g-token,0.03441713201641915
Kraken,singularitynet,0.000971611895782347
Kraken,pythia,0.027109349785247896
Kraken,apertum,0.08866346763730831
Kraken,og-fan-token,0.2754976743590517
Kraken,beets-staked-sonic,0.03943017553974748
Kraken,bc-token,0.0001532864595109455
Kraken,tokenlon,0.0015843236742413731
Kraken,civic,0.07361888190271786
Kraken,taiko,0.08516858452102644
Kraken,huobi-token,0.0004200310759225495
Kraken,sonic-svm,0.2875859779315242
Kraken,eth0,1.2670542796486531e-06
Kraken,dogs-2,0.0014064697609001407
Kraken,whiteheart,1.466835004358801e-07
Kraken,coinshift-usdl-morpho-vault,0.0
Kraken,zedxion,0.009820550247656372
Kraken,terrausd,0.08176855015822544
Kraken,usda-3,0.2599565445472965
Kraken,dent,0.04782804878642063
Kraken,token-pocket,0.0026326384059375276
Kraken,tharwa,0.022321229697507532
Kraken,energy-web-token,0.005445357852752951
Kraken,ergo,0.0036752935955206094
Kraken,sophon,0.09623305618862386
Kraken,cronos-bridged-wbtc-cronos,0.003653928049737567
Kraken,solidus-aitech,0.9726737997783269
Kraken,sanctum-2,0.04292683304725055
Kraken,yzy,0.09272534409012358
Kraken,xai-blockchain,0.16962276368117235
Kraken,pocket-network,0.020355103726388615
Kraken,gains-network,0.02759510149738324
Kraken,railgun,0.00014370024573670794
Kraken,banana-for-scale-2,0.1185294490680343
Kraken,ondo-u-s-dollar-token,0.003639620022963308
Kraken,stargate-bridged-weth,0.16385214272090215
Kraken,victoria-vr,0.030885178978632615
Kraken,medibloc,0.0049443856759970334
Kraken,noble-dollar-usdn,0.0015261903892101261
Kraken,tornado-cash,0.06642856404609553
Kraken,connect-token-wct,0.4620994325488583
Kraken,mountain-protocol-usdm,1.0890515577492477e-07
Kraken,aurora-near,0.007802971836800408
Kraken,propy,0.2253221156471922
Kraken,avail,0.08002967081266593
Kraken,river,0.706487299543217
Kraken,avalanche-old-bridged-wbtc-avalanche,0.0010163577340028581
Kraken,bonk-staked-sol,0.00014489982274265456
Kraken,goldfinch,0.004104140590505553
Kraken,paal-ai,0.22682716569893813
Kraken,dodo,0.0930669540776625
Kraken,unipoly,0.008473999062775732
Kraken,hairdao,9.072003413933667e-05
Kraken,treehouse,0.6854371847228397
Kraken,trufin-staked-matic,8.359059356870528e-06
Kraken,binance-peg-dai,0.021281760058534483
Kraken,diamond-launch,0.0036682944717740446
Kraken,hamster-kombat,0.001091703056768559
Kraken,burnedfi,0.004921398490610749
Kraken,polyswarm,0.005772180019684013
Kraken,liquity-usd,0.0010533740664155878
Kraken,truefi,0.2205415543637072
Kraken,bitcoinzk-zyra,0.01012918588369315
Kraken,hypurr-fun,0.006817004466429442
Kraken,relend-usdc,0.0
Kraken,metya,0.07587704158394232
Kraken,bugscoin,0.04716932593769282
Kraken,olaxbt,0.050479224772721897
Kraken,tokenfi,0.0810049309471887
Kraken,coq-inu,0.1402653797335088
OKX,bitcoin,1.0
OKX,ripple,0.022304370374147515
OKX,dogecoin,0.050565750969844656
OKX,tron,0.012058189327321507
OKX,bitcoin-cash,0.022261242369512296
OKX,shiba-inu,0.020098057911110325
OKX,whitebit,0.009918652297433947
OKX,worldcoin-wld,0.058721699409381156
OKX,jupiter-perpetuals-liquidity-provider-token,0.01459525960811524
OKX,blackrock-usd-institutional-digital-liquidity-fund,0.0
OKX,hash-2,2.4448942368668187e-05
OKX,flare-networks,0.005165603063713948
OKX,vechain,0.014997384654693403
OKX,kelp-dao-restaked-eth,0.003154566118539107
OKX,render-token,0.034510700879421874
OKX,filecoin,0.06876496448272387
OKX,immutable-x,0.03054236083946993
OKX,fetch-ai,0.039476399932141935
OKX,jupiter-exchange-solana,0.010101010101010102
OKX,wbnb,0.7419441097017724
OKX,nexo,0.007477480370720611
OKX,syrupusdc,0.005534800531540374
OKX,celestia,0.049792389712108094
OKX,msol,0.012127626182181666
OKX,saros-finance,0.005139895748720243
OKX,kaia,0.01637264202460921
OKX,aethir,0.15108754314690853
OKX,virtual-protocol,0.08597496558587114
OKX,ethereum-name-service,0.06218376193202021
OKX,vaulta,0.047638441431777416
OKX,jito-governance-token,0.03340675343220966
OKX,bittorrent,0.05823473460807568
OKX,arbitrum-bridged-wrapped-eeth,0.005831348312095668
OKX,bitcoin-avalanche-bridged-btc-b,0.1958000727580705
OKX,unit-plasma,0.6018140696338385
OKX,loaded-lions,0.0022128443117155673
OKX,instadapp,0.023513619880811548
OKX,helium,0.029064386397817082
OKX,linea,0.0048543689320388345
OKX,chiliz,0.06623614019097451
OKX,compound-governance-token,0.04471239851396918
OKX,solmev,0.0
OKX,tokenize-xchange,0.00019569083934962728
OKX,elrond-erd-2,0.04550665135669707
OKX,telcoin,0.00468862835733448
OKX,eutbl,0.0
OKX,axie-infinity,0.07273317181296417
OKX,wrapped-ether-mantle-bridge,0.005535662372828045
OKX,ai-companions,0.021887999577492937
OKX,binance-peg-busd,0.038757582800455104
OKX,drift-protocol,0.15049215448051087
OKX,toshi,0.0660102576206844
OKX,polygon-bridged-wbtc-polygon-pos,0.010210389621736312
OKX,creditcoin-2,0.030364967870565546
OKX,amp-token,0.023436921887081023
OKX,bio-protocol,0.15796624424507127
OKX,ultima,0.04526486368969632
OKX,kusama,0.11535338889548785
OKX,velo,0.08282271463804465
OKX,cat-in-a-dogs-world,0.0032679738562091504
OKX,binance-peg-sol,0.0238728724160329
OKX,slash-vision-labs,0.008413299829300823
OKX,ark-3,0.028064336835390773
OKX,basic-attention-token,0.04773927503837525
OKX,baby-doge-coin,0.05528821351073143
OKX,nervos-network,0.030066488755128625
OKX,super-oeth,0.00018333486842002172
OKX,kamino,0.08093702348916557
OKX,midas-mhyper,0.0
OKX,ape-and-pepe,0.15588082048466165
OKX,prometeus,0.030908191523694225
OKX,vvs-finance,0.002503561494027774
OKX,ravencoin,0.0987956471963841
OKX,wrapped-aave-ethereum-weth,0.0016113573902948363
OKX,minidoge-5,0.013833441921115998
OKX,tdccp,0.0052604566594009385
OKX,omni-network,0.48720192714135313
OKX,threshold-network-token,0.025318271935454086
OKX,susdai,0.08292526653205459
OKX,moo-deng,0.0024630541871921183
OKX,coinex-token,0.0008749325529514687
OKX,ethereum-pow-iou,0.0024509803921568627
OKX,siacoin,0.037289765971401274
OKX,compound-ether,1.5676338533726984e-06
OKX,polymesh,0.0073518220162413685
OKX,succinct,0.26153147121374887
OKX,non-playable-coin,0.05447047172746963
OKX,vana,0.0818886407907321
OKX,undeads-games,0.006302248381961767
OKX,crvusd,0.1245489600079748
OKX,mask-network,0.13124654911350292
OKX,casper-network,0.015029562747694635
OKX,icon,0.023700137895484794
OKX,quantum-resistant-ledger,0.0007347779798366558
OKX,kadena,0.03353344019193503
OKX,helder,6.514831198375032e-05
OKX,elixir-deusd,0.005645513155896192
OKX,neiro-3,0.24550366338593935
OKX,midas-mf-one,0.0
OKX,magic-eden,0.13532083082532276
OKX,dola-usd,0.17524104477015515
OKX,band-protocol,0.0019723865877712033
OKX,loopring,0.001968503937007874
OKX,entangle,3.7245052841997057e-07
OKX,real-4,0.05466786006479277
OKX,swop-2,6.131400769643747e-07
OKX,bridged-wrapped-ether-starkgate,0.03136475019060317
OKX,stronghold-token,0.01322585976752451
OKX,wrapped-aave-ethereum-usdc,0.11467102014827878
OKX,novem-pro,0.004093350536250915
OKX,hyperbeat-usdt,0.0017467317996591825
OKX,echelon-prime,0.019869340889690962
OKX,constitutiondao,0.22638040540754262
OKX,swftcoin,0.03833912319049856
OKX,pundi-x-2,0.06959045554241718
OKX,resupply-usd,0.006261544071159992
OKX,apollox-2,0.30683024659451386
OKX,constellation-labs,0.018873560470824863
OKX,goatseus-maximus,0.10967585967341444
OKX,sats-ordinals,0.44084514071623904
OKX,dovu-2,0.0028840379540633868
OKX,bim-2,0.0020092768559580704
OKX,everipedia,0.03988331905508217
OKX,zelcash,0.03977222725005627
OKX,comedian,0.13958822363898798
OKX,balancer,0.06387144768473804
OKX,mass-vehicle-ledger,0.0050698358903976965
OKX,solv-protocol,0.5318630475241866
OKX,hivemapper,0.009381666438083257
OKX,aura-on-sol,0.06158813732660776
OKX,songbird,0.0028359974536745327
OKX,zentry,0.1561402896240609
OKX,unibase,0.7926799939812121
OKX,dymension,0.06666306993946708
OKX,straitsx-xusd,0.17563807502420367
OKX,cookie,0.12216462322262221
OKX,banana-gun,0.10638278374751062
OKX,sui-bridged-ether-sui,0.022105499057768638
OKX,dogs-2,0.0014064697609001407
OKX,solv-protocol-solvbtc-jupiter,0.0001001981564987385
OKX,saga-2,0.1800526291811965
OKX,tokamak-network,0.06083172396171736
OKX,frax-usd,0.023106637737693583
OKX,baby-shark-universe,1.0192750691430854
OKX,blockv,0.0006829119031434827
OKX,deso,0.0005677280764467765
OKX,kyber-network-crystal,0.10389093001716561
OKX,matrixdock-gold,0.006642133277423493
OKX,researchcoin,0.009938561200673698
OKX,smooth-love-potion,0.0695241091078828
OKX,magic-internet-money,7.392388970123305e-06
OKX,vine,0.26270806727284957
OKX,binance-usd,0.0001271350803118928
OKX,chain-key-bitcoin,0.00239542598265105
OKX,elastos,0.028695074708974685
OKX,supra,0.030330185489138864
OKX,polyhedra-network,0.0012300123001230013
OKX,adventure-gold,0.20847662392831953
OKX,sceptre-staked-flr,0.005066470939821506
OKX,six,4.297201139209942e-05
OKX,usd,0.007136968288904786
OKX,bucket-protocol-buck-stablecoin,0.02011562876331425
OKX,coin98,0.30895547452209005
OKX,qanplatform,0.003466688613200309
OKX,saucerswap,0.003603891184000736
OKX,corn-3,0.10083465918113992
OKX,kernel-2,0.2852227678150812
OKX,alchemist-ai,0.6651547252575358
OKX,newton-protocol,0.24457680924815686
OKX,manyu-2,0.11634136536208377
OKX,quark-chain,0.019232251080268284
OKX,celium,0.016637313213621448
OKX,looped-hype,0.014053243021092825
OKX,yield-optimizer-eth,0.00024392832527677242
OKX,trufin-staked-apt,4.9900505113394786e-06
OKX,boba-network,0.19202423922152229
OKX,austin-capitals,0.001829953611641052
OKX,towns,0.2815765584438941
OKX,hamster-kombat,0.001091703056768559
OKX,staked-stream-usd,0.003713874703322829
OKX,gods-unchained,0.017507229497726578
OKX,apu-s-club,0.03846917328981184
OKX,mezo-wrapped-btc,0.00021893214355476117
OKX,oort,0.05177140594132242
OKX,egl1,0.7331732378947092
OKX,solv-protocol-solvbtc-core,2.104967008918404e-05
OKX,origin-protocol,0.1019960824786324
OKX,unity-2,0.0008768299032737671
OKX,bitlight,2.2065502196763043
OKX,optio,0.0006125258361675464
OKX,mori-coin,0.20333295113883523
OKX,compound-usd-coin,1.242700999002132e-06
OKX,stader-maticx,0.0004928150085092836
OKX,humans-ai,0.009134953833421779
OKX,honey-3,0.15655485510659203
OKX,web-3-dollar,0.00249285822274542
OKX,unstable-coin,0.08684133281984026
KuCoin,bitcoin,1.0
KuCoin,binancecoin,0.011144453425473298
KuCoin,solana,0.046096523638645914
KuCoin,usd-coin,0.1372738094328115
KuCoin,staked-ether,0.000956546500281226
KuCoin,chainlink,0.03592442457920951
KuCoin,hyperliquid,0.0451967172218969
KuCoin,avalanche-2,0.08699652327670222
KuCoin,sui,0.06451418270931487
KuCoin,stellar,0.01253541759845354
KuCoin,usdt0,0.05105399586805296
KuCoin,the-open-network,0.013150010385435427
KuCoin,polkadot,0.03478120519916941
KuCoin,bitget-token,0.037144834854548205
KuCoin,jito-staked-sol,0.007372492924746177
KuCoin,story-2,0.05682142694238664
KuCoin,binance-peg-weth,0.026418586353316658
KuCoin,polygon-ecosystem-token,0.025976418042109112
KuCoin,internet-computer,0.019130054479424632
KuCoin,falcon-finance,0.01573764273488751
KuCoin,bonk,0.1121190156717165
KuCoin,jupiter-exchange-solana,0.010101010101010102
KuCoin,renzo-restaked-eth,0.0008538515656857398
KuCoin,xdce-crowd-sale,0.009900990099009901
KuCoin,lombard-staked-btc,0.005893032680488131
KuCoin,optimism,0.08031460128707053
KuCoin,pax-gold,0.08788225140105708
KuCoin,blockstack,0.016220063975184322
KuCoin,curve-dao-token,0.17502516720994682
KuCoin,fasttoken,0.03565937951879152
KuCoin,spx6900,0.01744988724917521
KuCoin,sonic-3,0.10218720167269497
KuCoin,the-graph,0.024544903541414954
KuCoin,pendle,0.09140286207277298
KuCoin,global-dollar,0.017811674248927083
KuCoin,ousg,0.0
KuCoin,raydium,0.05212331460414889
KuCoin,ondo-us-dollar-yield,0.0015699471831315866
KuCoin,stader-ethx,0.0005650932203183841
KuCoin,arbitrum-bridged-weth-arbitrum-one,0.18103196676021582
KuCoin,beldex,0.010674532845181437
KuCoin,fartcoin,0.204183966242071
KuCoin,morpho,0.034383886095739294
KuCoin,decentraland,0.03907396834362065
KuCoin,coinbase-wrapped-staked-eth,0.017766644909174477
KuCoin,kinetiq-earn-vault,0.00014398743392470586
KuCoin,frax-ether,0.004052515706299805
KuCoin,vision-3,0.0049504950495049506
KuCoin,syrup,0.004878048780487805
KuCoin,linea,0.0048543689320388345
KuCoin,apecoin,0.05548643650327169
KuCoin,hashnote-usyc,5.3259745940321215e-08
KuCoin,chain-2,0.03677002495220801
KuCoin,astherus-staked-bnb,0.0007022323925663828
KuCoin,1inch,0.03413805818347974
KuCoin,aioz-network,0.022029770356308792
KuCoin,just,0.056562971785386926
KuCoin,akash-network,0.028534567007777806
KuCoin,eos,0.005309408860215417
KuCoin,build-on,0.04907473379380407
KuCoin,arkham,0.13223909575231127
KuCoin,usdx-money-staked-usdx,0.0001773091079203449
KuCoin,safepal,0.02804580936456554
KuCoin,turbo,0.06424452312866731
KuCoin,stp-network,0.003257328990228013
KuCoin,cat-in-a-dogs-world,0.0032679738562091504
KuCoin,concordium,0.007033447797564989
KuCoin,agentfun-ai,5.961637340862566e-06
KuCoin,sosovalue,0.052194830358740445
KuCoin,dog-go-to-the-moon-rune,0.027841322845124427
KuCoin,stargate-finance,0.05823741862735309
KuCoin,unit-pump,0.07624077155884014
KuCoin,yieldfi-ytoken,6.742472295354078e-05
KuCoin,euler,0.02716894752768412
KuCoin,cow-protocol,0.7206047750634432
KuCoin,zetachain,0.06534559976863058
KuCoin,usx,1.1298132456383316e-05
KuCoin,proton,0.015411100901102476
KuCoin,crypto-com-staked-eth,0.0017834785068708882
KuCoin,holotoken,0.029627132045053652
KuCoin,moo-deng,0.0024630541871921183
KuCoin,ethereum-pow-iou,0.0024509803921568627
KuCoin,celo,0.07051390026878356
KuCoin,spiko-us-t-bills-money-market-fund,0.0
KuCoin,lcx,0.008907458436856934
KuCoin,numeraire,0.2417295873621933
KuCoin,woo-network,0.1188417091472465
KuCoin,melania-meme,0.035821100425223136
KuCoin,xyo-network,0.1137150931306545
KuCoin,hashkey-ecopoints,0.005931741824662536
KuCoin,zignaly,0.009466686269911175
KuCoin,renzo-restaked-lst,1.414123679051466e-06
KuCoin,zencash,0.18710106524406273
KuCoin,somnia,0.5120759887146645
KuCoin,enjincoin,0.05553911676734821
KuCoin,stargate-bridged-usdc,0.10424764488105275
KuCoin,book-of-meme,0.18850801401842163
KuCoin,io,0.22898278478988013
KuCoin,bitmart-token,0.05651244270810035
KuCoin,harrypotterobamasonic10in,0.19389057988465805
KuCoin,savings-xdai,0.03426820657392987
KuCoin,nano,0.020142339467636314
KuCoin,band-protocol,0.0019723865877712033
KuCoin,loopring,0.001968503937007874
KuCoin,coti,0.0019646365422396855
KuCoin,clearpool,0.02513586545152962
KuCoin,hemi,0.7319883361374814
KuCoin,ronin-bridged-weth-ronin,0.0054486674835840885
KuCoin,bridged-usd-coin-starkgate,0.023267020201840974
KuCoin,funfair,0.06942203456551661
KuCoin,wiki-cat,0.003521360236222525
KuCoin,debridge,0.0910535907637334
KuCoin,wilder-world,0.039727897345730186
KuCoin,b3,0.028711683349301183
KuCoin,restaked-swell-eth,0.0012319392899560668
KuCoin,big-time,0.09201334796811737
KuCoin,holoworld,3.590048546974321
KuCoin,alchemy-pay,0.16410565636612826
KuCoin,pumpbtc,7.591799803420346e-05
KuCoin,spark-2,0.3099029852340621
KuCoin,delysium,0.01817027672538527
KuCoin,home,0.17324856617731185
KuCoin,tellor,0.18927195320027468
KuCoin,coreum,0.0026480563926675493
KuCoin,dfdv-staked-sol,1.2858655170472503e-07
KuCoin,uxlink,0.51192030924507
KuCoin,ark,0.01839119337280004
KuCoin,edu-coin,0.13786619049403684
KuCoin,steakhouse-eth-morpho-vault,0.0
KuCoin,cross-2,0.001639344262295082
KuCoin,reservoir-rusd,0.0001130011521110123
KuCoin,spell-token,0.04891615314409829
KuCoin,solayer-staked-sol,0.005142420699231506
KuCoin,the-grays-currency,0.0018041568411877621
KuCoin,puff-the-dragon,0.0006729693841231944
KuCoin,auki-labs,0.007984117818781436
KuCoin,atomone,0.008103407112258258
KuCoin,usd-coin-ethereum-bridged,0.2774741431961397
KuCoin,mnee-usd-stablecoin,0.001144193867836971
KuCoin,lista,0.2531852799460448
KuCoin,safecoin,0.019063617462212665
KuCoin,lagrange,0.34282323655758756
KuCoin,dia-data,0.09155074723557485
KuCoin,across-protocol,0.08528735406280383
KuCoin,staked-frax,2.4275671685632182e-08
KuCoin,nosana,0.09757316869614964
KuCoin,flock-2,0.2787887943324853
KuCoin,alpine-f1-team-fan-token,2.444466906569329
KuCoin,0xy,0.004816155037167737
KuCoin,joe,0.1151570899987904
KuCoin,paxos-standard,0.08662451153495994
KuCoin,electroneum,0.0014084507042253522
KuCoin,dogs-2,0.0014064697609001407
KuCoin,liqwid-finance,0.0002149179237517267
KuCoin,wax,0.02225825103134123
KuCoin,ket,0.005581176586865527
KuCoin,moonbeam,0.10184474964598235
KuCoin,seraph,0.2794113762708009
KuCoin,zeus-netwok-zbtc,0.026997295623884875
KuCoin,sai,2.1844834915338196e-06
KuCoin,luck-3,0.02236457283728052
KuCoin,benqi,0.044196793020613086
KuCoin,magic,0.19598545390175057
KuCoin,scroll,0.15868029052085808
KuCoin,gamebuild,0.5145597565142231
KuCoin,thena,1.3549793077329875
KuCoin,savings-crvusd,0.07638239672881775
KuCoin,escoin-token,0.008818090477639026
KuCoin,wrapped-nxm,0.003898815978462527
KuCoin,storx,0.056210939792054174
KuCoin,universal-eth,0.000995095018026941
KuCoin,a-hunters-dream,0.011057909937180815
KuCoin,secret,0.016416132058883176
KuCoin,societe-generale-forge-eurcv,0.6712291616836756
KuCoin,wink,0.1903836187911824
KuCoin,polyhedra-network,0.0012300123001230013
KuCoin,sygnum-fiusd-liquidity-fund,0.0
KuCoin,liquid-hype-yield,0.0009448485200249845
KuCoin,unit-fartcoin,0.002368212912106028
KuCoin,jelly-my-jelly,0.07394808511874786
KuCoin,nusd,0.03472228217447812
KuCoin,bankercoin-2,0.05098476951988325
KuCoin,elixir-staked-deusd,6.227421989020304e-05
KuCoin,infrafred-bgt,0.027948033528297434
KuCoin,bit2me,0.0010428541127517443
KuCoin,zircuit,0.17865978047525669
KuCoin,aergo,0.1331702472627507
KuCoin,sapien-2,0.15767670577775633
KuCoin,doodles,1.1290765382152856
KuCoin,mango-network,0.11330104593950414
KuCoin,hunt-token,0.05883401269315333
KuCoin,hegic,3.0927299593792046e-05
KuCoin,bluefin,0.6875658151879391
KuCoin,xtcom-token,0.3721165915519466
KuCoin,hamster-kombat,0.001091703056768559
KuCoin,qkacoin,0.0003076110757325954
KuCoin,stake-link,0.0003914382801174681
KuCoin,nym,0.061134077784540025
KuCoin,maverick-protocol,0.1627367708371631
KuCoin,smardex,0.009424425112689691
KuCoin,chill-guy,0.2064446730803461
KuCoin,usualx,0.0002412376380941868
KuCoin,helio-protocol-hay,0.026407995301270634
KuCoin,sparkdex,0.000927968271171415
KuCoin,i-love-puppies,0.1347770977884784
KuCoin,global-commercial-business,0.0020084597566244946
KuCoin,celo-dollar,0.04105943015494132
KuCoin,pinlink,0.02333467963348843
KuCoin,endurance,0.20578221638676322
KuCoin,l2-standard-bridged-weth-blast,0.009243147289137532
KuCoin,concierge-io,0.22180835911786492
KuCoin,tradoor,1.0999433612199137
KuCoin,laine-stake,3.055965834878915e-05
